{"cameraMode":{"drawMode":0,"name":"Shaded","section":"Shading Mode"},"sceneLighting":false,"audioPlay":false,"sceneViewState":{"showFog":true,"showMaterialUpdate":false,"showSkybox":false,"showFlares":true,"showImageEffects":true,"showParticleSystems":true},"in2DMode":false,"pivot":{"x":-3.366899013519287,"y":0.6502442359924316,"z":6.315168380737305},"rotation":{"x":0.09797416627407074,"y":0.07307879626750946,"z":-0.007214042358100414,"w":0.9924765825271606},"size":4.0416579246521,"orthographic":false}