{"cameraMode":{"drawMode":0,"name":"Shaded","section":"Shading Mode"},"sceneLighting":false,"audioPlay":false,"sceneViewState":{"showFog":true,"showMaterialUpdate":false,"showSkybox":false,"showFlares":true,"showImageEffects":true,"showParticleSystems":true},"in2DMode":false,"pivot":{"x":2.3072080612182619,"y":8.309991836547852,"z":-10.56471061706543},"rotation":{"x":-0.012822486460208893,"y":0.983451247215271,"z":0.1634453684091568,"w":0.07716281712055206},"size":15.446098327636719,"orthographic":false}